frame,dot_id,x,y
0,0,455,1076
0,1,459,1074
0,2,475,1073
0,3,466,1073
0,4,472,1072
0,5,481,1072
0,6,504,1070
0,7,491,1070
0,8,487,1070
0,9,506,1069
0,10,496,1069
0,11,502,1068
0,12,515,1067
0,13,508,1067
0,14,524,1066
0,15,511,1066
0,16,531,1065
0,17,520,1065
0,18,524,1064
0,19,536,1063
0,20,387,1053
0,21,414,1051
0,22,418,1049
0,23,494,1041
0,24,507,1039
0,25,513,1038
0,26,516,1035
0,27,355,1030
0,28,348,1029
0,29,351,1028
0,30,365,1026
0,31,447,1018
0,32,536,1017
0,33,446,1016
0,34,463,1013
0,35,451,1014
0,36,471,1012
0,37,456,1012
0,38,470,1010
0,39,301,1007
0,40,292,1007
0,41,306,1006
0,42,294,1006
0,43,314,1005
0,44,300,1005
0,45,319,1004
0,46,303,1004
0,47,327,1003
0,48,313,1003
0,49,331,1002
0,50,317,1002
0,51,325,1001
0,52,329,1000
0,53,353,999
0,54,337,999
0,55,342,998
0,56,349,997
0,57,388,996
0,58,355,996
0,59,384,995
0,60,403,993
0,61,407,988
0,62,412,986
0,63,288,980
0,64,295,979
0,65,283,979
0,66,488,978
0,67,299,978
0,68,286,978
0,69,494,977
0,70,306,977
0,71,500,976
0,72,490,976
0,73,295,976
0,74,506,975
0,75,496,975
0,76,306,975
0,77,311,975
0,78,508,973
0,79,330,973
0,80,514,972
0,81,341,971
0,82,334,971
0,83,347,970
0,84,336,970
0,85,354,969
0,86,343,969
0,87,539,968
0,88,359,968
0,89,348,968
0,90,364,967
0,91,355,967
0,92,557,969
0,93,436,956
0,94,451,953
0,95,457,952
0,96,439,953
0,97,464,951
0,98,469,950
0,99,453,950
0,100,392,950
0,101,465,948
0,102,401,960
0,103,398,948
0,104,237,956
1,0,455,1076
1,1,461,1074
1,2,473,1071
1,3,488,1070
1,4,494,1069
1,5,492,1069
1,6,507,1068
1,7,503,1068
1,8,521,1066
1,9,514,1066
1,10,511,1066
1,11,530,1065
1,12,516,1065
1,13,523,1064
1,14,530,1063
1,15,537,1063
1,16,383,1053
1,17,414,1050
1,18,417,1049
1,19,420,1048
1,20,492,1041
1,21,498,1040
1,22,512,1038
1,23,506,1036
1,24,347,1031
1,25,352,1030
1,26,360,1029
1,27,349,1028
1,28,363,1026
1,29,537,1021
1,30,447,1014
1,31,450,1013
1,32,467,1012
1,33,454,1012
1,34,461,1011
1,35,467,1010
1,36,474,1009
1,37,339,1009
1,38,291,1007
1,39,341,1006
1,40,300,1006
1,41,293,1006
1,42,498,1005
1,43,312,1005
1,44,296,1005
1,45,316,1004
1,46,302,1004
1,47,341,1003
1,48,324,1003
1,49,309,1003
1,50,329,1002
1,51,315,1002
1,52,336,1001
1,53,327,1000
1,54,349,999
1,55,334,999
1,56,341,998
1,57,345,997
1,58,352,996
1,59,384,994
1,60,401,992
1,61,381,991
1,62,407,990
1,63,405,989
1,64,411,986
1,65,281,981
1,66,285,980
1,67,292,979
1,68,297,978
1,69,283,978
1,70,492,977
1,71,304,977
1,72,290,977
1,73,497,976
1,74,307,976
1,75,504,975
1,76,299,975
1,77,509,974
1,78,500,974
1,79,310,974
1,80,516,973
1,81,505,973
1,82,315,973
1,83,511,972
1,84,518,971
1,85,330,972
1,86,342,970
1,87,334,970
1,88,339,970
1,89,357,968
1,90,348,968
1,91,363,967
1,92,351,967
1,93,360,966
1,94,363,965
1,95,558,969
1,96,447,953
1,97,455,952
1,98,453,952
1,99,439,953
1,100,461,951
1,101,444,951
1,102,465,950
1,103,451,950
1,104,457,949
1,105,463,948
1,106,400,959
1,107,398,948
1,108,469,947
1,109,267,947
1,110,402,946
1,111,307,946
1,112,294,945
1,113,237,956
1,114,271,938
1,115,285,935
2,0,455,1075
2,1,463,1073
2,2,476,1071
2,3,472,1071
2,4,481,1071
2,5,490,1069
2,6,495,1068
2,7,518,1066
2,8,506,1067
2,9,525,1065
2,10,512,1065
2,11,521,1064
2,12,526,1063
2,13,535,1063
2,14,534,1063
2,15,396,1055
2,16,415,1050
2,17,418,1047
2,18,496,1040
2,19,501,1039
2,20,508,1038
2,21,501,1036
2,22,517,1034
2,23,362,1028
2,24,348,1028
2,25,366,1025
2,26,536,1016
2,27,454,1013
2,28,465,1012
2,29,450,1013
2,30,471,1011
2,31,456,1011
2,32,477,1010
2,33,465,1010
2,34,471,1009
2,35,291,1008
2,36,339,1007
2,37,293,1007
2,38,301,1006
2,39,307,1005
2,40,294,1005
2,41,316,1004
2,42,300,1004
2,43,320,1003
2,44,305,1003
2,45,327,1002
2,46,313,1002
2,47,340,1001
2,48,331,1001
2,49,318,1001
2,50,326,1000
2,51,330,999
2,52,337,998
2,53,342,997
2,54,350,996
2,55,355,995
2,56,388,994
2,57,383,991
2,58,403,990
2,59,408,989
2,60,407,987
2,61,412,986
2,62,284,980
2,63,288,979
2,64,295,978
2,65,488,977
2,66,299,977
2,67,285,977
2,68,495,976
2,69,307,976
2,70,294,976
2,71,500,975
2,72,490,975
2,73,310,975
2,74,297,975
2,75,507,974
2,76,496,974
2,77,317,974
2,78,306,974
2,79,502,973
2,80,313,973
2,81,509,972
2,82,515,971
2,83,342,970
2,84,332,971
2,85,346,969
2,86,336,969
2,87,538,968
2,88,354,968
2,89,343,968
2,90,347,967
2,91,364,966
2,92,357,966
2,93,557,969
2,94,436,955
2,95,452,952
2,96,450,952
2,97,440,952
2,98,464,950
2,99,469,949
2,100,453,949
2,101,460,948
2,102,400,959
2,103,465,947
2,104,306,946
2,105,238,955
2,106,272,938
2,107,285,935
3,0,455,1075
3,1,462,1073
3,2,474,1071
3,3,486,1069
3,4,494,1068
3,5,491,1068
3,6,507,1067
3,7,501,1067
3,8,513,1066
3,9,504,1066
3,10,523,1065
3,11,511,1065
3,12,529,1064
3,13,516,1064
3,14,525,1063
3,15,533,1062
3,16,397,1055
3,17,383,1052
3,18,392,1051
3,19,414,1050
3,20,418,1048
3,21,504,1038
3,22,512,1037
3,23,358,1028
3,24,345,1028
3,25,350,1027
3,26,371,1026
3,27,537,1020
3,28,446,1014
3,29,459,1012
3,30,449,1012
3,31,467,1011
3,32,455,1011
3,33,461,1010
3,34,469,1009
3,35,473,1008
3,36,484,1006
3,37,491,1005
3,38,304,1005
3,39,294,1005
3,40,310,1004
3,41,296,1004
3,42,317,1003
3,43,303,1003
3,44,323,1002
3,45,308,1002
3,46,340,1001
3,47,330,1001
3,48,316,1001
3,49,336,1000
3,50,320,1000
3,51,328,999
3,52,333,998
3,53,340,997
3,54,345,996
3,55,352,995
3,56,389,994
3,57,385,993
3,58,400,991
3,59,382,990
3,60,408,988
3,61,411,985
3,62,280,980
3,63,285,979
3,64,290,978
3,65,297,977
3,66,284,977
3,67,491,976
3,68,482,976
3,69,302,976
3,70,287,976
3,71,497,975
3,72,488,975
3,73,308,975
3,74,295,975
3,75,492,974
3,76,300,974
3,77,508,973
3,78,500,973
3,79,311,973
3,80,504,972
3,81,512,971
3,82,330,971
3,83,328,970
3,84,344,969
3,85,337,969
3,86,350,968
3,87,338,968
3,88,355,967
3,89,347,967
3,90,361,966
3,91,349,966
3,92,558,968
3,93,445,952
3,94,453,951
3,95,438,952
3,96,438,952
3,97,460,950
3,98,442,950
3,99,465,949
3,100,450,949
3,101,456,948
3,102,462,947
3,103,296,947
3,104,468,946
3,105,400,958
3,106,474,945
3,107,307,945
3,108,311,944
3,109,236,954
3,110,285,936
4,0,455,1074
4,1,463,1073
4,2,479,1070
4,3,505,1067
4,4,502,1067
4,5,491,1068
4,6,517,1065
4,7,507,1065
4,8,525,1064
4,9,514,1064
4,10,532,1063
4,11,518,1063
4,12,528,1062
4,13,535,1061
4,14,386,1051
4,15,416,1049
4,16,414,1049
4,17,418,1046
4,18,495,1036
4,19,524,1035
4,20,348,1029
4,21,360,1027
4,22,346,1027
4,23,351,1026
4,24,366,1024
4,25,537,1019
4,26,535,1017
4,27,446,1013
4,28,462,1011
4,29,450,1012
4,30,469,1010
4,31,457,1010
4,32,476,1009
4,33,292,1006
4,34,290,1006
4,35,487,1005
4,36,341,1005
4,37,299,1005
4,38,305,1004
4,39,293,1004
4,40,312,1003
4,41,297,1003
4,42,319,1002
4,43,307,1002
4,44,304,1002
4,45,325,1001
4,46,309,1001
4,47,330,1000
4,48,317,1000
4,49,323,999
4,50,330,998
4,51,350,997
4,52,334,997
4,53,342,996
4,54,346,995
4,55,355,994
4,56,389,993
4,57,404,990
4,58,400,990
4,59,405,987
4,60,409,986
4,61,407,986
4,62,281,979
4,63,286,978
4,64,291,977
4,65,486,976
4,66,298,976
4,67,286,976
4,68,304,975
4,69,290,975
4,70,499,974
4,71,492,974
4,72,309,974
4,73,296,974
4,74,505,973
4,75,495,973
4,76,304,973
4,77,510,972
4,78,502,972
4,79,506,971
4,80,517,970
4,81,328,970
4,82,331,969
4,83,341,968
4,84,355,966
4,85,350,966
4,86,557,967
4,87,312,957
4,88,437,951
4,89,455,950
4,90,441,950
4,91,462,949
4,92,445,949
4,93,452,948
4,94,472,947
4,95,457,947
4,96,464,946
4,97,400,958
4,98,470,945
4,99,235,954
4,100,309,940
4,101,271,937
4,102,284,934
5,0,454,1074
5,1,463,1071
5,2,475,1069
5,3,490,1068
5,4,480,1069
5,5,503,1067
5,6,495,1066
5,7,521,1064
5,8,509,1065
5,9,526,1063
5,10,516,1063
5,11,520,1062
5,12,533,1060
5,13,382,1051
5,14,416,1047
5,15,496,1038
5,16,511,1036
5,17,517,1035
5,18,503,1034
5,19,366,1025
5,20,368,1023
5,21,535,1016
5,22,446,1016
5,23,447,1012
5,24,455,1011
5,25,465,1010
5,26,451,1010
5,27,472,1009
5,28,458,1009
5,29,465,1008
5,30,476,1006
5,31,483,1005
5,32,292,1005
5,33,290,1005
5,34,301,1004
5,35,306,1003
5,36,294,1003
5,37,314,1002
5,38,299,1002
5,39,320,1001
5,40,305,1001
5,41,327,1000
5,42,312,1000
5,43,332,999
5,44,319,999
5,45,325,998
5,46,346,997
5,47,331,997
5,48,337,996
5,49,344,995
5,50,349,994
5,51,356,993
5,52,384,991
5,53,378,989
5,54,407,985
5,55,410,984
5,56,283,978
5,57,287,977
5,58,483,976
5,59,294,976
5,60,281,976
5,61,299,975
5,62,285,975
5,63,305,974
5,64,292,974
5,65,500,973
5,66,491,973
5,67,309,973
5,68,298,973
5,69,507,972
5,70,496,972
5,71,305,972
5,72,512,971
5,73,503,971
5,74,313,971
5,75,509,970
5,76,315,970
5,77,329,969
5,78,333,968
5,79,346,967
5,80,353,966
5,81,339,967
5,82,358,965
5,83,349,965
5,84,353,964
5,85,312,957
5,86,558,966
5,87,451,950
5,88,438,950
5,89,457,949
5,90,441,949
5,91,463,948
5,92,468,947
5,93,453,947
5,94,465,945
5,95,400,957
5,96,472,944
5,97,235,954
5,98,306,940
5,99,285,937
5,100,270,935
5,101,284,934
6,0,454,1073
6,1,458,1071
6,2,468,1070
6,3,490,1067
6,4,482,1068
6,5,501,1065
6,6,523,1063
6,7,509,1064
6,8,527,1062
6,9,517,1062
6,10,522,1061
6,11,538,1060
6,12,534,1060
6,13,529,1060
6,14,396,1053
6,15,377,1051
6,16,383,1050
6,17,389,1049
6,18,415,1047
6,19,504,1036
6,20,505,1033
6,21,519,1031
6,22,344,1028
6,23,343,1026
6,24,368,1024
6,25,366,1024
6,26,353,1024
6,27,363,1023
6,28,370,1022
6,29,367,1022
6,30,536,1019
6,31,534,1018
6,32,446,1012
6,33,449,1010
6,34,466,1009
6,35,454,1010
6,36,473,1008
6,37,460,1008
6,38,466,1007
6,39,472,1006
6,40,477,1005
6,41,489,1003
6,42,303,1003
6,43,307,1002
6,44,292,1003
6,45,502,1001
6,46,316,1001
6,47,301,1001
6,48,320,1000
6,49,306,1000
6,50,328,999
6,51,313,999
6,52,332,998
6,53,320,998
6,54,326,997
6,55,331,996
6,56,338,995
6,57,343,994
6,58,350,993
6,59,357,992
6,60,385,991
6,61,400,989
6,62,378,988
6,63,406,987
6,64,407,984
6,65,410,983
6,66,284,977
6,67,287,976
6,68,484,975
6,69,295,975
6,70,283,975
6,71,489,974
6,72,299,974
6,73,286,974
6,74,496,973
6,75,485,973
6,76,293,973
6,77,500,972
6,78,492,972
6,79,299,972
6,80,497,971
6,81,307,972
6,82,508,970
6,83,504,970
6,84,510,969
6,85,332,968
6,86,346,966
6,87,337,966
6,88,355,965
6,89,343,966
6,90,359,964
6,91,348,964
6,92,356,963
6,93,557,966
6,94,564,961
6,95,311,957
6,96,560,956
6,97,442,950
6,98,436,950
6,99,441,948
6,100,464,947
6,101,448,947
6,102,469,946
6,103,454,946
6,104,391,946
6,105,460,945
6,106,467,944
6,107,400,956
6,108,396,944
6,109,473,943
6,110,236,953
6,111,284,933
7,0,454,1073
7,1,465,1069
7,2,482,1067
7,3,490,1066
7,4,486,1066
7,5,504,1065
7,6,502,1064
7,7,506,1063
7,8,523,1062
7,9,512,1062
7,10,527,1061
7,11,520,1061
7,12,517,1061
7,13,523,1060
7,14,533,1059
7,15,379,1050
7,16,384,1049
7,17,413,1047
7,18,416,1046
7,19,504,1035
7,20,506,1032
7,21,521,1030
7,22,352,1026
7,23,350,1024
7,24,369,1023
7,25,354,1023
7,26,364,1022
7,27,536,1018
7,28,457,1009
7,29,448,1010
7,30,468,1008
7,31,455,1008
7,32,473,1007
7,33,461,1007
7,34,468,1006
7,35,473,1005
7,36,290,1004
7,37,486,1003
7,38,303,1002
7,39,498,1001
7,40,309,1001
7,41,294,1001
7,42,316,1000
7,43,302,1000
7,44,321,999
7,45,306,999
7,46,329,998
7,47,315,998
7,48,341,997
7,49,337,997
7,50,333,997
7,51,320,997
7,52,328,996
7,53,346,995
7,54,331,995
7,55,343,993
7,56,352,992
7,57,357,991
7,58,400,987
7,59,379,987
7,60,406,986
7,61,407,983
7,62,410,983
7,63,284,976
7,64,288,975
7,65,484,974
7,66,296,974
7,67,489,973
7,68,300,973
7,69,285,973
7,70,497,972
7,71,486,972
7,72,294,972
7,73,501,971
7,74,492,971
7,75,309,971
7,76,298,971
7,77,499,970
7,78,513,969
7,79,508,969
7,80,504,969
7,81,511,968
7,82,343,966
7,83,333,967
7,84,337,965
7,85,538,964
7,86,355,964
7,87,345,964
7,88,349,963
7,89,358,962
7,90,361,961
7,91,557,965
7,92,445,949
7,93,452,948
7,94,438,950
7,95,458,947
7,96,441,947
7,97,464,946
7,98,469,945
7,99,454,945
7,100,460,944
7,101,399,955
7,102,467,943
7,103,235,952
7,104,283,933
7,105,283,931
8,0,454,1072
8,1,464,1068
8,2,473,1067
8,3,483,1066
8,4,504,1064
8,5,501,1063
8,6,506,1062
8,7,524,1061
8,8,512,1061
8,9,528,1060
8,10,517,1060
8,11,525,1059
8,12,534,1058
8,13,379,1049
8,14,415,1045
8,15,491,1036
8,16,499,1035
8,17,506,1031
8,18,521,1029
8,19,351,1025
8,20,358,1024
8,21,343,1024
8,22,364,1021
8,23,451,1009
8,24,447,1010
8,25,468,1007
8,26,455,1008
8,27,473,1006
8,28,469,1005
8,29,289,1002
8,30,491,1001
8,31,302,1001
8,32,308,1000
8,33,294,1000
8,34,317,999
8,35,301,999
8,36,321,998
8,37,307,998
8,38,328,997
8,39,316,997
8,40,333,996
8,41,319,996
8,42,342,995
8,43,328,995
8,44,331,994
8,45,339,993
8,46,344,992
8,47,354,991
8,48,399,988
8,49,382,987
8,50,404,986
8,51,401,986
8,52,380,986
8,53,407,984
8,54,408,982
8,55,284,975
8,56,289,974
8,57,295,973
8,58,489,972
8,59,300,972
8,60,285,972
8,61,497,971
8,62,487,971
8,63,307,971
8,64,492,970
8,65,311,970
8,66,296,970
8,67,509,969
8,68,504,968
8,69,331,967
8,70,327,966
8,71,342,965
8,72,334,966
8,73,337,964
8,74,355,963
8,75,346,963
8,76,349,962
8,77,358,961
8,78,361,960
8,79,557,964
8,80,442,948
8,81,452,947
8,82,458,946
8,83,441,946
8,84,437,947
8,85,438,947
8,86,464,945
8,87,449,945
8,88,469,944
8,89,455,944
8,90,461,943
8,91,469,942
8,92,399,953
8,93,396,942
8,94,487,939
8,95,234,951
8,96,269,932
8,97,282,931
8,98,283,931
9,0,453,1071
9,1,464,1068
9,2,504,1063
9,3,483,1064
9,4,502,1063
9,5,506,1061
9,6,524,1060
9,7,512,1060
9,8,528,1059
9,9,517,1059
9,10,525,1058
9,11,533,1057
9,12,384,1047
9,13,413,1044
9,14,416,1043
9,15,499,1034
9,16,504,1033
9,17,498,1031
9,18,347,1025
9,19,351,1024
9,20,358,1023
9,21,343,1023
9,22,364,1022
9,23,349,1022
9,24,354,1021
9,25,365,1020
9,26,535,1017
9,27,447,1009
9,28,453,1007
9,29,466,1006
9,30,456,1006
9,31,459,1005
9,32,469,1004
9,33,486,1001
9,34,289,1001
9,35,302,1000
9,36,496,999
9,37,308,999
9,38,293,1000
9,39,315,998
9,40,301,998
9,41,322,997
9,42,306,997
9,43,328,996
9,44,315,996
9,45,319,995
9,46,327,994
9,47,346,993
9,48,330,993
9,49,343,991
9,50,387,989
9,51,399,987
9,52,380,985
9,53,378,985
9,54,401,984
9,55,409,981
9,56,407,981
9,57,283,974
9,58,288,973
9,59,484,972
9,60,295,972
9,61,283,972
9,62,489,971
9,63,300,971
9,64,285,971
9,65,496,970
9,66,307,970
9,67,294,970
9,68,299,969
9,69,508,968
9,70,499,968
9,71,310,968
9,72,503,967
9,73,312,967
9,74,511,966
9,75,326,966
9,76,337,964
9,77,355,962
9,78,345,962
9,79,359,961
9,80,348,961
9,81,363,960
9,82,556,963
9,83,434,949
9,84,452,946
9,85,439,947
9,86,458,945
9,87,441,945
9,88,463,944
9,89,449,944
9,90,459,942
9,91,330,942
9,92,466,941
9,93,399,953
9,94,328,938
9,95,233,950
9,96,283,933
9,97,282,929
10,0,453,1069
10,1,463,1067
10,2,475,1064
10,3,503,1062
10,4,486,1063
10,5,501,1061
10,6,506,1060
10,7,523,1059
10,8,512,1059
10,9,528,1058
10,10,517,1058
10,11,525,1057
10,12,534,1056
10,13,412,1045
10,14,414,1044
10,15,416,1041
10,16,511,1029
10,17,346,1024
10,18,340,1023
10,19,357,1022
10,20,343,1022
10,21,361,1021
10,22,348,1021
10,23,369,1020
10,24,364,1019
10,25,445,1008
10,26,452,1006
10,27,448,1006
10,28,466,1005
10,29,455,1005
10,30,458,1004
10,31,478,1003
10,32,468,1003
10,33,472,1002
10,34,294,1000
10,35,288,1000
10,36,300,999
10,37,308,998
10,38,292,998
10,39,502,997
10,40,314,997
10,41,300,997
10,42,321,996
10,43,306,996
10,44,327,995
10,45,314,995
10,46,332,994
10,47,318,994
10,48,326,993
10,49,331,992
10,50,338,991
10,51,343,990
10,52,386,989
10,53,351,989
10,54,355,988
10,55,399,985
10,56,374,985
10,57,403,984
10,58,377,984
10,59,404,981
10,60,408,980
10,61,406,980
10,62,281,973
10,63,287,972
10,64,292,971
10,65,487,970
10,66,299,970
10,67,283,970
10,68,495,969
10,69,305,969
10,70,490,968
10,71,294,968
10,72,507,967
10,73,498,967
10,74,309,967
10,75,326,965
10,76,336,963
10,77,353,961
10,78,345,960
10,79,357,959
10,80,363,958
10,81,557,962
10,82,440,946
10,83,451,945
10,84,457,944
10,85,439,944
10,86,435,945
10,87,463,943
10,88,448,943
10,89,467,942
10,90,452,942
10,91,459,941
10,92,465,940
10,93,397,951
10,94,234,948
10,95,268,930
10,96,283,929
10,97,281,929
11,0,453,1069
11,1,469,1065
11,2,461,1066
11,3,503,1061
11,4,482,1062
11,5,506,1060
11,6,503,1059
11,7,522,1058
11,8,511,1058
11,9,514,1057
11,10,526,1056
11,11,532,1055
11,12,412,1042
11,13,496,1032
11,14,509,1028
11,15,345,1023
11,16,343,1023
11,17,342,1021
11,18,360,1020
11,19,352,1019
11,20,362,1018
11,21,444,1011
11,22,446,1006
11,23,464,1004
11,24,454,1005
11,25,457,1003
11,26,466,1002
11,27,470,1001
11,28,484,999
11,29,481,999
11,30,299,998
11,31,307,997
11,32,291,998
11,33,312,996
11,34,298,996
11,35,319,995
11,36,304,995
11,37,324,994
11,38,311,994
11,39,331,993
11,40,317,993
11,41,324,992
11,42,328,991
11,43,350,990
11,44,337,990
11,45,341,989
11,46,347,988
11,47,387,987
11,48,354,987
11,49,397,985
11,50,376,983
11,51,404,982
11,52,402,981
11,53,279,972
11,54,286,971
11,55,290,970
11,56,486,969
11,57,298,969
11,58,284,969
11,59,493,968
11,60,484,968
11,61,303,968
11,62,291,968
11,63,499,967
11,64,489,967
11,65,296,967
11,66,505,966
11,67,496,966
11,68,313,966
11,69,306,966
11,70,511,965
11,71,509,964
11,72,513,963
11,73,335,962
11,74,346,960
11,75,361,958
11,76,357,957
11,77,555,961
11,78,559,950
11,79,434,947
11,80,436,945
11,81,449,944
11,82,438,943
11,83,461,942
11,84,447,942
11,85,465,941
11,86,451,941
11,87,458,940
11,88,397,951
11,89,462,939
11,90,328,939
11,91,471,938
11,92,328,936
11,93,232,948
11,94,487,935
11,95,283,929
11,96,281,929
12,0,452,1068
12,1,468,1064
12,2,458,1065
12,3,474,1063
12,4,502,1060
12,5,492,1060
12,6,486,1061
12,7,505,1059
12,8,502,1058
12,9,519,1057
12,10,510,1057
12,11,526,1056
12,12,513,1056
12,13,522,1055
12,14,535,1054
12,15,529,1054
12,16,375,1045
12,17,386,1043
12,18,413,1040
12,19,494,1031
12,20,501,1030
12,21,507,1029
12,22,503,1027
12,23,517,1025
12,24,354,1020
12,25,359,1019
12,26,351,1018
12,27,359,1017
12,28,357,1017
12,29,366,1016
12,30,444,1009
12,31,447,1004
12,32,444,1004
12,33,461,1003
12,34,451,1003
12,35,470,1002
12,36,455,1002
12,37,463,1001
12,38,481,1000
12,39,475,999
12,40,297,997
12,41,305,996
12,42,290,996
12,43,310,995
12,44,296,995
12,45,317,994
12,46,303,994
12,47,322,993
12,48,308,993
12,49,330,992
12,50,316,992
12,51,320,991
12,52,327,990
12,53,347,989
12,54,334,989
12,55,340,988
12,56,346,987
12,57,385,985
12,58,359,985
12,59,398,983
12,60,400,980
12,61,406,979
12,62,407,977
12,63,278,971
12,64,285,970
12,65,288,969
12,66,276,969
12,67,484,968
12,68,297,968
12,69,282,968
12,70,482,967
12,71,300,967
12,72,287,967
12,73,497,966
12,74,487,966
12,75,308,966
12,76,294,966
12,77,503,965
12,78,494,965
12,79,302,965
12,80,499,964
12,81,309,964
12,82,508,963
12,83,511,962
12,84,332,961
12,85,343,959
12,86,353,957
12,87,358,956
12,88,363,954
12,89,556,959
12,90,434,945
12,91,438,943
12,92,435,943
12,93,453,942
12,94,458,941
12,95,444,941
12,96,464,940
12,97,468,939
12,98,455,939
12,99,461,938
12,100,397,949
12,101,394,938
12,102,293,938
12,103,399,936
12,104,305,936
12,105,232,946
12,106,267,928
12,107,281,925
13,0,452,1067
13,1,467,1063
13,2,458,1063
13,3,465,1062
13,4,472,1061
13,5,491,1059
13,6,484,1060
13,7,504,1058
13,8,501,1057
13,9,514,1056
13,10,524,1055
13,11,509,1055
13,12,530,1054
13,13,519,1054
13,14,525,1053
13,15,535,1052
13,16,378,1043
13,17,411,1041
13,18,414,1038
13,19,491,1030
13,20,499,1029
13,21,514,1027
13,22,510,1025
13,23,506,1025
13,24,513,1024
13,25,352,1019
13,26,357,1018
13,27,363,1017
13,28,350,1017
13,29,532,1011
13,30,443,1007
13,31,445,1003
13,32,458,1002
13,33,467,1001
13,34,450,1001
13,35,461,1000
13,36,479,999
13,37,467,999
13,38,478,997
13,39,294,996
13,40,489,995
13,41,303,995
13,42,288,996
13,43,308,994
13,44,293,994
13,45,315,993
13,46,301,993
13,47,321,992
13,48,306,992
13,49,328,991
13,50,315,991
13,51,318,990
13,52,342,989
13,53,326,989
13,54,331,988
13,55,339,987
13,56,343,986
13,57,352,985
13,58,397,982
13,59,380,981
13,60,378,980
13,61,404,979
13,62,405,976
13,63,408,976
13,64,276,970
13,65,283,969
13,66,286,968
13,67,294,967
13,68,488,966
13,69,481,966
13,70,299,966
13,71,283,966
13,72,495,965
13,73,484,965
13,74,307,965
13,75,293,965
13,76,499,964
13,77,491,964
13,78,309,964
13,79,298,964
13,80,497,963
13,81,506,962
13,82,503,962
13,83,509,961
13,84,341,959
13,85,330,960
13,86,335,958
13,87,353,957
13,88,343,957
13,89,347,956
13,90,357,955
13,91,296,952
13,92,556,958
13,93,433,944
13,94,450,941
13,95,437,941
13,96,440,940
13,97,462,939
13,98,446,939
13,99,467,938
13,100,453,938
13,101,388,938
13,102,327,938
13,103,459,937
13,104,465,936
13,105,397,948
13,106,394,936
13,107,471,935
13,108,232,945
13,109,305,931
13,110,281,929
13,111,266,926
13,112,280,924
